hgvs,score,epsilon,se
_wt,0.18880675480264975,0.620423332657205,0.1661042364466041
c.1A>T,0.12281752766554865,0.05589932651392582,0.7768463513122557
c.2A>T,0.04081555309025531,0.3263187328406897,0.6126774176138788
c.3A>T,0.15992254208534795,0.6483650644362483,0.20597338146008326
c.4A>T,0.6811247164814648,0.13750477166464858,0.4733389370853639
c.5A>T,0.1548479428746934,0.4804957571854306,0.6475511394642068
c.6A>T,0.375236559840485,0.656651998418772,0.4154013284100344
c.7A>T,0.5786978591869815,0.9263303122647679,0.3464085188519279
c.8A>T,0.3514142746321631,0.402433715699013,0.9040023225152178
c.9A>T,0.10963149042330789,0.29170332855447856,0.0254575937404643
c.10A>T,0.6885093990290222,0.8936011951816223,0.744095559644828
c.11A>T,0.21051357702318985,0.6421463797778377,0.14761395974081726
c.12A>T,0.14926106085507274,0.45258901459474166,0.36787244715330325
c.13A>T,0.6622999740339941,0.19373030251316714,0.7782777434614397
c.14A>T,0.9671543171441603,0.06290886439692722,0.46288727777340954
c.15A>T,0.8037915622995128,0.013355129795397325,0.7633850843291473
c.16A>T,0.1841942410740105,0.05826791257989028,0.4413409128818221
c.17A>T,0.5466581954678136,0.027722820197530695,0.594181913473491
c.18A>T,0.3450066956243045,0.05725000464274932,0.48482441315128877
c.19A>T,0.20552305929885484,0.5925596452177259,0.6654482031014247
c.20A>T,0.12377835022381922,0.025616426483113353,0.42807911745991634
c.21A>T,0.2823728982070255,0.9868495767946814,0.9193865625046961
c.22A>T,0.24406306120991728,0.757134388586853,0.8924855477261313
c.23A>T,0.16203893122916901,0.0892705834647547,0.9511389086177368
c.24A>T,0.3862049502823556,0.4757945611783393,0.5842382115725206
c.25A>T,0.9784141470154486,0.40436242238373554,0.805506569222206
c.26A>T,0.6385524833634689,0.6573585878727176,0.7439180432315987
c.27A>T,0.9808816226332449,0.41539424388637025,0.26082664911854636
c.28A>T,0.6232254169201572,0.9646928505501634,0.07039976892893562
c.29A>T,0.5061256637793655,0.9529554118453906,0.47690108855436075
c.30A>T,0.21080947530478567,0.23737325641690477,0.8514622565132803
c.31A>T,0.25620130488423853,0.38298989116537885,0.7494057937820328
c.32A>T,0.1357035214012019,0.30880363587237614,0.08692470709150502
c.33A>T,0.2662156214767818,0.5080552998771757,0.7726788895988508
c.34A>T,0.4901293802830158,0.6582635004910052,0.8941646735050814
c.35A>T,0.6197687047530295,0.7190007697964796,0.224407373366599
c.36A>T,0.5167923562799493,0.5809102804404657,0.0023912162067347698
c.37A>T,0.2620623451887607,0.15485959814459493,0.423859267452534
c.38A>T,0.34926885240849337,0.9026946273696953,0.19565173016344772
c.39A>T,0.9743674205871545,0.9010589178351444,0.045405264700816295
c.40A>T,0.8358546789914448,0.5554284673777774,0.30180558765454923
c.41A>T,0.6335550343722117,0.613597628628463,0.30347973248368176
c.42A>T,0.3590690818805141,0.8760320835113024,0.5911155882104596
c.43A>T,0.9768528617715957,0.38700000409492297,0.3832495192900892
c.44A>T,0.3390754359753041,0.272832133454906,0.6073388218441858
c.45A>T,0.6381658357020689,0.929759705759632,0.6118364193626352
c.46A>T,0.35137128814028384,0.2447693640161389,0.4054182347603895
c.47A>T,0.15146119770741406,0.5266936308345568,0.8205189758167475
c.48A>T,0.5000194624504731,0.9175345178862316,0.3206728938644876
c.49A>T,0.003573106661176162,0.4863503234711083,0.5014993533992246
c.50A>T,0.9888065581293637,0.2560986095653127,0.7539582554791292
c.51A>T,0.07944188564607624,0.2647744474297069,0.19624116720280527
c.52A>T,0.657475697502233,0.7371477560098172,0.6758809779508486
c.53A>T,0.22759242270180136,0.6167337467775904,0.6623695939292511
c.54A>T,0.48148805332237,0.3984473399818841,0.48637890835257747
c.55A>T,0.6990360101145583,0.3867549716413724,0.4558265753127213
c.56A>T,0.27196009778855434,0.574165789016758,0.8878509390536717
c.57A>T,0.29668835212457834,0.7727762501746791,0.9623058688332866
c.58A>T,0.6944968119657512,0.240649641270673,0.5633384984096654
c.59A>T,0.4365755052680348,0.6523843402369424,0.8325778393241751
c.60A>T,0.16668917578058406,0.7160201045904329,0.965653074907402
c.61A>T,0.3528829380584171,0.25895679155926055,0.09788591311175554
c.62A>T,0.40167595985163407,0.053680162590011515,0.4439562752277605
c.63A>T,0.921082976259247,0.1563703611002003,0.6874902869768797
c.64A>T,0.8490898549594157,0.9557929307745235,0.5198985806247812
c.65A>T,0.5206434328865666,0.9498681327939568,0.08022856420083724
c.66A>T,0.994145560892868,0.24061383405781134,0.6215108780512002
c.67A>T,0.07210528394136073,0.35525010590343753,0.3690364365003329
c.68A>T,0.3428633481938679,0.19764921592653328,0.5911872695907854
c.69A>T,0.5956576497128578,0.6776824022818281,0.08941602828740558
c.70A>T,0.09965145809581633,0.54528351970917,0.5974656276740169
c.71A>T,0.14627514218991078,0.7209389751417784,0.8022306162290169
c.72A>T,0.21005690692194168,0.2583482643742686,0.8519925607951337
c.73A>T,0.16180461472467822,0.2296372955600483,0.9821822943854861
c.74A>T,0.7377476373641026,0.8236150684626401,0.7024367701541301
c.75A>T,0.7405901893863749,0.23653097482020324,0.09370766380756212
c.76A>T,0.6968958291257162,0.8052169485925501,0.28986654129102507
c.77A>T,0.024791352979120163,0.7159096892315028,0.341088726654863
c.78A>T,0.4956064549372068,0.8233851139065578,0.38512260385079167
c.79A>T,0.1806735980133436,0.5182293558007457,0.10174084126263183
c.80A>T,0.9574855168473797,0.6530774490642044,0.9147494445393978
c.81A>T,0.8164142586746532,0.46061307220791337,0.3490151089403174
c.82A>T,0.5676164402976455,0.18176327672363357,0.5978761579097385
c.83A>T,0.7293897662224887,0.2041252003971885,0.5616128419720937
c.84A>T,0.21506373612204477,0.927963892395865,0.6942665947394133
c.85A>T,0.1919554078590473,0.31227588717390786,0.6038864407428287
c.86A>T,0.32848160658297465,0.7765110756459048,0.9097121024532143
c.87A>T,0.8664572892802034,0.285918228746605,0.11058366180858914
c.88A>T,0.4816098395574657,0.04751907026462521,0.7915255689059089
c.89A>T,0.14179040051677527,0.8871164672016741,0.6411331334615403
c.90A>T,0.6856382865371485,0.7481076159061741,0.3748312377045129
c.91A>T,0.4145240183202842,0.3975791174487646,0.8611028578444808
c.92A>T,0.44123595783003033,0.19087318613665694,0.1703729655672377
c.93A>T,0.14663744333747775,0.4231581346057489,0.8782949131720875
c.94A>T,0.27258843228101237,0.39453523454472417,0.7145434848379416
c.95A>T,0.966035043855605,0.5138105047785901,0.3912652429382083
c.96A>T,0.8917068195896476,0.7484514095289735,0.43890992895001624
c.97A>T,0.8783050918697959,0.42958536997757046,0.04192911299208113
c.98A>T,0.8658194852034407,0.6927076449008476,0.03010533571709917
c.99A>T,0.5712705728212903,0.12268666030962971,0.1912753133525219
c.100A>T,0.13576812754741507,0.6817856382356456,0.1920750981909498
c.101A>T,0.5003868525683726,0.7732181744589357,0.0957958008091725
c.102A>T,0.3869945927561107,0.06395809011994802,0.025626891550823205
c.103A>T,0.5682788110808076,0.9656623971911397,0.514610340768966
c.104A>T,0.49426907340050985,0.46256865312368556,0.7539744518746408
c.105A>T,0.8096510708724017,0.6709600454508579,0.19048560348103194
c.106A>T,0.5072415533676994,0.2535486038531233,0.362503130499925
c.107A>T,0.3676403670300761,0.7221922559580999,0.6158308841417267
c.108A>T,0.5043988487073584,0.10561236219288395,0.6239635581890304
c.109A>T,0.609908112897649,0.924704727139516,0.4088826733728931
c.110A>T,0.8230074533370629,0.9293428506475306,0.18228234022276957
c.111A>T,0.7329652329117187,0.46915508139110684,0.19538934428639065
c.112A>T,0.4100197642811868,0.23516826513940192,0.17595886094473867
c.113A>T,0.6616644519258991,0.781128889761873,0.9600850272117016
c.114A>T,0.8075925922951017,0.7400056387612566,0.42590216165020167
c.115A>T,0.1899119925112498,0.20962987669951505,0.3089729116919756
c.116A>T,0.20077484083931174,0.2519321402348317,0.4170736219463973
c.117A>T,0.5302105882716597,0.494995834499394,0.3065056588730717
c.118A>T,0.2166736075855522,0.1052085001757207,0.9821941113056308
c.119A>T,0.5070496749438976,0.2849006914506583,0.8601594876331237
c.120A>T,0.4495140495173646,0.01277578208854524,0.44212490295328244
c.121A>T,0.9146003171267734,0.029674186146233295,0.05229617578572765
c.122A>T,0.024881009573866075,0.13951506824987292,0.16513553004631476
c.123A>T,0.06682134502482773,0.4611966599208749,0.25330521901607805
c.124A>T,0.9247228049382706,0.23175923591301784,0.3467727382391703
c.125A>T,0.029610647779893307,0.30781379246783924,0.7075001632112439
c.126A>T,0.4019015442925308,0.8900248932754332,0.798261895338328
c.127A>T,0.004737820501479528,0.1726623575737054,0.7662014770770891
c.128A>T,0.7736994040629311,0.5526860755359139,0.17272288836356453
c.129A>T,0.28194313783374747,0.9366968104249227,0.4115708130592691
c.130A>T,0.927755822432777,0.8890873574848118,0.6555374476354252
c.131A>T,0.596495718259875,0.1851388527055885,0.39870857419041883
c.132A>T,0.3915263111538295,0.2268545225782005,0.9151310065001511
c.133A>T,0.23278586730215178,0.6977233305760656,0.5496007448813877
c.134A>T,0.40914129080005956,0.10277519872074325,0.16791309272659882
c.135A>T,0.09007335427656915,0.5405131865616452,0.6815168437028658
c.136A>T,0.5335068303536906,0.3501809768885997,0.7783703277635493
c.137A>T,0.22101908796525527,0.5649865847271367,0.420537528740607
c.138A>T,0.5751596405958773,0.4124221023846696,0.12157666436569026
c.139A>T,0.7422626232236564,0.9053440451058122,0.4529474675467734
c.140A>T,0.9973576911917298,0.3750318587345117,0.12204856529130725
c.141A>T,0.17968140109628639,0.4467533413495093,0.11516063392219988
c.142A>T,0.5153242674643567,0.37617557070028773,0.9433641884353897
c.143A>T,0.8496677009023367,0.24835214322851495,0.21562609878357775
c.144A>T,0.25733660709098516,0.6548854620778043,0.5193494875826232
c.145A>T,0.7705132293598379,0.5542192569501023,0.23465373310720572
c.146A>T,0.2108223684006547,0.669932149693599,0.509753090851469
c.147A>T,0.6747131778282212,0.19161688523977827,0.563051586064794
c.148A>T,0.04745660960463527,0.22734007048267502,0.5465847311865887
c.149A>T,0.8619685237528216,0.1633001756278336,0.34408342516776047
c.150A>T,0.9321954559595631,0.667843331558705,0.4396571782386848
c.151A>T,0.3725363104154904,0.09039010747457144,0.4629080455188783
c.152A>T,0.6142921410342297,0.4421100558721218,0.9495220911433155
c.153A>T,0.12780620612075255,0.2568699104574127,0.04005249806271016
c.154A>T,0.985085583612623,0.3885170176704775,0.6566937315663597
c.155A>T,0.9428448432817942,0.34942720306924335,0.2955634467340712
c.156A>T,0.18656649405162995,0.44025452013766153,0.37822362534869847
c.157A>T,0.4341075303809274,0.3597865043904931,0.3006947827538552
c.158A>T,0.02941907703035329,0.7134401792342379,0.7028891149223182
c.159A>T,0.11325181182424959,0.9060113113549213,0.19498684601400174
c.160A>T,0.9131349871862601,0.921156048954952,0.29349915711604635
c.161A>T,0.8331575282831227,0.8736694565586564,0.5835669931933086
c.162A>T,0.2321452935489562,0.9541233384717714,0.051244339240264836
c.163A>T,0.7598842210578818,0.49909272739964794,0.12485534350592009
c.164A>T,0.7489711407917989,0.016682916912260537,0.18736131645123077
c.165A>T,0.9231298369418516,0.7750916417840065,0.14884065562471016
c.166A>T,0.8525812669876479,0.4364390114120237,0.2791551330190425
c.167A>T,0.7159792718662116,0.13527413777105013,0.9954395171399091
c.168A>T,0.17615905285491051,0.8870162970033209,0.6634273457026606
c.169A>T,0.3904078439176293,0.971672829853605,0.7042509802384095
c.170A>T,0.9600751777915536,0.35636338046392535,0.8994753125205496
c.171A>T,0.902322395575849,0.04392759092947496,0.9763075247417865
c.172A>T,0.6391776079395839,0.8066265068803317,0.995901141080412
c.173A>T,0.9219701511228809,0.7762300815414793,0.6376213142766428
c.174A>T,0.9156474483447437,0.8736881827150805,0.3322568687408516
c.175A>T,0.7038376415338286,0.2516160354997393,0.0996401154043236
c.176A>T,0.0452182138033389,0.7834225722496985,0.03955206262810396
c.177A>T,0.7341251063097938,0.6631562200617663,0.11646336216073871
c.178A>T,0.44434659713770475,0.1789240653561055,0.5713209263444448
c.179A>T,0.028183310798351457,0.8977567750360643,0.6182294521202483
c.180A>T,0.5454481559868988,0.8146421672749776,0.8542443088841357
c.181A>T,0.26262119627076486,0.3213042254583922,0.108800073356911
c.182A>T,0.35333094419731415,0.13697072071242344,0.6138240880031625
c.183A>T,0.05522686423420664,0.2621809466423569,0.2527623403155901
c.184A>T,0.4720350708543285,0.18193291367066433,0.9522927461584897
c.185A>T,0.4529676430990831,0.5717807594689188,0.8510904876493732
c.186A>T,0.6368336933440484,0.1697016889508417,0.5973162609355188
c.187A>T,0.14054485599344657,0.8768959288174493,0.9974390445588848
c.188A>T,0.027441952891456123,0.5722849739475327,0.49726682617152207
c.189A>T,0.3458995641091184,0.5296667365193131,0.8029987864244799
c.190A>T,0.5498702845164649,0.18575370493541177,0.13331383008672038
c.191A>T,0.934294064351834,0.19554466645169932,0.7966965327815357
c.192A>T,0.955937429299434,0.46411219738695864,0.21965072248952477
c.193A>T,0.3270134891539449,0.9096595178033691,0.9245872479710665
c.194A>T,0.3840318381018435,0.4870506303828107,0.9737490330237719
c.195A>T,0.837593201892462,0.5688910324349598,0.5957597341589397
c.196A>T,0.4096531066465604,0.6348818835294905,0.04154213320211564
c.197A>T,0.45907385486119456,0.2606776114055597,0.5002186558041213
c.198A>T,0.5682057879700644,0.09183717893945731,0.5989490919713948
c.199A>T,0.6170527559950496,0.3100373703544256,0.8848999630988329
c.200A>T,0.140043576809458,0.517227958025705,0.6618258859956563
c.201A>T,0.049145359330318605,0.451323183488077,0.7000199783789434
c.202A>T,0.6715244666371613,0.8618329347255925,0.8320630955037046
c.203A>T,0.11741244666912842,0.6418156563825306,0.3637406094261014
c.204A>T,0.21172200316530154,0.005185141002193694,0.5104897641528333
c.205A>T,0.7885004094565256,0.8493953095929492,0.19681845833933342
c.206A>T,0.7965348130809595,0.4960216462518321,0.2964160903176084
c.207A>T,0.26593292612208985,0.2850042193146326,0.6539859168165383
c.208A>T,0.03829970809000194,0.9391528913050898,0.10162016135974039
c.209A>T,0.8121304936421739,0.8388665458510781,0.11012482181826966
c.210A>T,0.7008460494325549,0.4504454690875239,0.25764340815959996
c.211A>T,0.9632695753227587,0.7136388655811639,0.691799478452274
c.212A>T,0.2894560828081608,0.6204446329694825,0.03250925468938748
c.213A>T,0.30738425954511484,0.10636824814079915,0.4501965864458394
c.214A>T,0.5137502208804288,0.07026374619150011,0.32523985714465375
c.215A>T,0.4756628848515537,0.9857031487186603,0.7847589462618236
c.216A>T,0.6551476138557671,0.578720742671038,0.49473053059381455
c.217A>T,0.730645647501971,0.23231524853976215,0.2747533251317128
c.218A>T,0.8724898753218175,0.7054547484900686,0.11151484405815126
c.219A>T,0.28476186116559266,0.40338852256804414,0.017692576387804304
c.220A>T,0.8556175239559753,0.22215584420292456,0.8404652381879486
c.221A>T,0.5280868175242074,0.14887580814240553,0.6901597800394476
c.222A>T,0.07153903634966374,0.9312816339697093,0.20060881394139707
c.223A>T,0.3396553240386122,0.6672250240579455,0.9865476191197634
c.224A>T,0.6314826949040735,0.423705279206965,0.0008517279186175397
c.225A>T,0.045555305169932336,0.7859428133491766,0.8452246008256228
c.226A>T,0.8539561242726932,0.19970183513100292,0.952270391643888
c.227A>T,0.9104677629414547,0.16094808357707813,0.1838235202348396
c.228A>T,0.1358753703389981,0.5966056388982289,0.9093051711714476
c.229A>T,0.1637738482906046,0.4787905027422308,0.4753983597647916
c.230A>T,0.09151302920995663,0.44969099774821175,0.043108159579623884
c.231A>T,0.07862381730934953,0.2695876284353149,0.8946654913377988
c.232A>T,0.010443366271332244,0.8870736575668714,0.7243061055470983
c.233A>T,0.4397846962776192,0.7231830347095547,0.7711748792868443
c.234A>T,0.10531357782328388,0.4468495660191961,0.719196605119004
c.235A>T,0.38481032328115805,0.7036412959421308,0.233867925098458
c.236A>T,0.3702727709955871,0.354197103815136,0.21517306174506845
c.237A>T,0.15155745449862035,0.885348800743777,0.29148476699949866
c.238A>T,0.12302602063383139,0.9322895068230244,0.8705592620639416
c.239A>T,0.29748528958722165,0.8907492166320046,0.27808272896573893
c.240A>T,0.45829236177065824,0.5248191585805563,0.6283733041659998
c.241A>T,0.08380594745950898,0.7967346387929547,0.0219433345726624
c.242A>T,0.855653300760074,0.826683006220959,0.6812474210157954
c.243A>T,0.7673216104790068,0.08489769143048487,0.41407670374300265
c.244A>T,0.6473558114298459,0.9859056005545039,0.21926321834880202
c.245A>T,0.19968920722439099,0.477897645064297,0.11376951464629359
c.246A>T,0.30258678712975273,0.11412909070717303,0.004240974446896084
c.247A>T,0.7932350592025497,0.1441380761853439,0.5054402911904768
c.248A>T,0.614948016025779,0.46595466316513845,0.5097374922129639
c.249A>T,0.3959347788409643,0.9112598797713017,0.44435518520093187
