hgvs,score,SE,epsilon
"_wt",0.0,0.0,0.0
"c.100C>A (p.=), c.102T>A (p.=)",0.135288718916,3.7757363416e-08,7.13280274045e-16
"c.100C>A (p.=), c.102T>G (p.=)",0.0760114331409,1.37183535178e-08,1.09521072063e-16
"c.100C>A (p.Arg34Asn), c.101G>A (p.Arg34Asn)",-1.6589689205,7.10735873729e-29,4.42787893294e-56
"c.100C>A (p.Arg34Ile), c.101G>T (p.Arg34Ile)",-1.91290119749,2.32179550599e-25,3.48505411641e-49
"c.100C>A (p.Arg34Ser)",-1.76394897391,1.9338049011e-108,4.74162264032e-212
"c.100C>A (p.Arg34Thr), c.101G>C (p.Arg34Thr)",-0.92863634587,1.65098216542e-33,3.91184875793e-65
"c.100C>G (p.Arg34Asp), c.101G>A (p.Arg34Asp)",-2.01023251447,1.79316221686e-09,2.17563929264e-18
"c.100C>G (p.Arg34Gly)",-1.93724657949,1.1276665824e-98,6.80344663365e-193
"c.100C>T (p.Arg34Cys)",-2.01771596007,2.20872824766e-63,1.08361873607e-123
"c.100C>T (p.Arg34Cys), c.102T>C (p.Arg34Cys)",-2.04732174233,0.253953384941,0.000272006203568
"c.100C>T (p.Arg34Phe), c.101G>T (p.Arg34Phe)",-2.49897884485,7.98171583802e-21,2.40906366502e-40
"c.100C>T (p.Arg34Ser), c.101G>C (p.Arg34Ser)",-0.981707919031,0.389894851161,0.0
"c.100C>T (p.Arg34Ter), c.102T>A (p.Arg34Ter)",-1.74764958184,1.35500500669e-31,2.22605318158e-61
"c.100C>T (p.Arg34Tyr), c.101G>A (p.Arg34Tyr)",-2.17302832888,0.106621212908,3.22534983097e-10
"c.101G>A (p.Arg34Gln), c.102T>A (p.Arg34Gln)",-1.26626359647,1.57058147968e-18,7.33752482142e-36
"c.101G>A (p.Arg34His)",-1.87641297772,6.28639919727e-56,4.38772112591e-109
"c.101G>A (p.Arg34His), c.102T>C (p.Arg34His)",-1.28753142474,1.09841257897e-30,1.26390484984e-59
"c.101G>C (p.Arg34Pro)",-2.16803267812,1.22842505916e-56,1.80546350309e-110
"c.101G>C (p.Arg34Pro), c.102T>A (p.Arg34Pro)",-1.21438789408,9.37206778093e-14,1.40842524385e-26
"c.101G>C (p.Arg34Pro), c.102T>C (p.Arg34Pro)",-2.00674435407,2.06237751333e-28,3.80566226111e-55
"c.101G>T (p.Arg34Leu)",-2.07124806971,2.45466332314e-36,1.09982184299e-70
"c.101G>T (p.Arg34Leu), c.102T>C (p.Arg34Leu)",-1.28203247571,0.19660555237,2.70288683171e-08
"c.102T>A (p.=)",-0.112900996554,1.43088732627e-19,5.96687709554e-38
"c.102T>C (p.=)",-0.0641304598351,0.114340595922,6.75565853259e-12
"c.102T>G (p.=)",0.119893836609,0.142114901949,0.0
"c.10C>A (p.Leu4Arg), c.11T>G (p.Leu4Arg)",-1.4886696818,1.67285973219e-104,2.57963957823e-204
"c.10C>A (p.Leu4Ile), c.12G>A (p.Leu4Ile)",-1.15696072388,2.09973439145e-19,1.36613414485e-37
"c.10C>A (p.Leu4Ile), c.12G>A (p.Leu4Ile), c.58T>C (p.Phe20Leu)",-0.631324481088,2.59602718453e-26,4.70660685136e-51
"c.10C>A (p.Leu4Ile), c.12G>C (p.Leu4Ile)",0.181349261866,2.67585300825e-33,9.53696923367e-65
"c.10C>A (p.Leu4Ile), c.12G>C (p.Leu4Ile), c.90G>C (p.Trp30Cys)",-0.501661979508,8.75432007551e-145,2.79347099467e-283
"c.10C>A (p.Leu4Ile), c.12G>T (p.Leu4Ile)",-1.42676187072,5.85747841267e-16,7.20369333931e-31
"c.10C>A (p.Leu4Ile), c.12G>T (p.Leu4Ile), c.66C>T (p.=)",-0.811875360114,1.05509997211e-108,1.52508666922e-212
"c.10C>A (p.Leu4Lys), c.11T>A (p.Leu4Lys)",-2.10702480647,0.803293579022,0.0
"c.10C>A (p.Leu4Met)",-0.014870118199,1.07344537791e-57,1.4329396588e-112
"c.10C>A (p.Leu4Met), c.100C>A (p.Arg34Ser)",-1.80833675937,1.39927389149e-35,3.36584143918e-69
"c.10C>A (p.Leu4Met), c.100C>G (p.Arg34Gly)",-2.76694610642,0.474819889994,0.0
"c.10C>A (p.Leu4Met), c.100C>T (p.Arg34Cys)",-1.82278297291,1.54599651604e-05,4.82441555982e-11
"c.10C>A (p.Leu4Met), c.101G>A (p.Arg34His)",-1.61223050493,0.244913283349,1.26947063972e-13
"c.10C>A (p.Leu4Met), c.101G>C (p.Arg34Pro)",-1.43931238857,6.57951942749e-58,6.1237257279e-113
"c.10C>A (p.Leu4Met), c.101G>T (p.Arg34Leu)",-2.05835073265,5.7182963759e-20,1.11734126811e-38
"c.10C>A (p.Leu4Met), c.102T>A (p.=)",0.685029954599,0.670299199711,1.11022302463e-16
"c.10C>A (p.Leu4Met), c.102T>C (p.=)",-0.142802378821,0.306377704913,2.77555756156e-17
"c.10C>A (p.Leu4Met), c.102T>G (p.=)",0.720464911432,2.05060567832e-31,4.86247676484e-61
"c.10C>A (p.Leu4Met), c.13C>A (p.Pro5Thr)",-0.81878492159,7.26737683954e-48,2.83740413372e-93
"c.10C>A (p.Leu4Met), c.13C>G (p.Pro5Ala)",-1.34818476544,1.0546637567e-30,1.21226202964e-59
"c.10C>A (p.Leu4Met), c.13C>T (p.Pro5Ser)",-1.28800223685,0.149981285678,4.41709169241e-13
"c.10C>A (p.Leu4Met), c.14C>A (p.Pro5Gln)",-1.82180236594,0.225517048811,2.28650688661e-10
"c.10C>A (p.Leu4Met), c.14C>A (p.Pro5Gln), c.63G>T (p.=), c.97C>T (p.Pro33Ser)",-1.32884746375,7.76479828065e-46,2.84116827927e-89
"c.10C>A (p.Leu4Met), c.14C>A (p.Pro5Gln), c.77A>G (p.Gln26Arg), c.85A>T (p.Thr29Ser), c.90G>T (p.Trp30Cys)",-0.598537150898,1.78972094457e-26,2.39853992059e-51
"c.10C>A (p.Leu4Met), c.14C>G (p.Pro5Arg)",-1.36408195472,2.64334285053e-101,4.78177739722e-198
"c.10C>A (p.Leu4Met), c.14C>T (p.Pro5Leu)",-0.701713025378,8.0372518174e-72,3.0942881593e-140
"c.10C>A (p.Leu4Met), c.15G>A (p.=)",-0.169191837594,4.68029363999e-48,1.18428866752e-93
"c.10C>A (p.Leu4Met), c.15G>A (p.=), c.32C>G (p.Ala11Gly)",-0.974858066367,4.22233683836e-40,4.8397111381e-78
"c.10C>A (p.Leu4Met), c.15G>A (p.=), c.44C>T (p.Ser15Phe)",-0.568996136308,2.44496091293e-34,9.36216728259e-67
"c.10C>A (p.Leu4Met), c.15G>A (p.=), c.86C>T (p.Thr29Met)",-0.86489042428,9.29777818606e-29,7.89368705224e-56
"c.10C>A (p.Leu4Met), c.15G>C (p.=)",0.331519544474,0.495024214017,0.0
"c.10C>A (p.Leu4Met), c.15G>C (p.=), c.37A>C (p.Thr13Pro), c.49C>G (p.Gln17Glu), c.75C>G (p.Asp25Glu), c.99G>A (p.=)",0.163633529486,0.753472656553,9.00326636577e-08
"c.10C>A (p.Leu4Met), c.15G>T (p.=)",0.948696858994,1.06297136408e-49,7.15655132001e-97
"c.10C>A (p.Leu4Met), c.16G>A (p.Ala6Thr)",-0.436950488218,0.344567887657,4.16333634234e-17
"c.10C>A (p.Leu4Met), c.16G>A (p.Ala6Thr), c.71T>A (p.Ile24Asn)",0.400784231786,4.39000667986e-20,6.92868049491e-39
"c.10C>A (p.Leu4Met), c.16G>C (p.Ala6Pro)",-0.572483971762,0.328986184242,1.71786196379e-12
"c.10C>A (p.Leu4Met), c.16G>T (p.Ala6Ser)",0.034404723012,1.68049796874e-50,1.93753436853e-98
"c.10C>A (p.Leu4Met), c.17C>A (p.Ala6Asp)",-0.421618256965,2.82323599288e-23,3.84885992504e-45
"c.10C>A (p.Leu4Met), c.17C>A (p.Ala6Asp), c.40A>T (p.Ser14Cys), c.65A>C (p.Asn22Thr)",0.0981485955917,0.417220295702,7.74534315671e-05
"c.10C>A (p.Leu4Met), c.17C>A (p.Ala6Asp), c.52C>A (p.Arg18Ser)",-0.148593884009,2.97978005181e-10,8.13912109398e-20
"c.10C>A (p.Leu4Met), c.17C>G (p.Ala6Gly)",-0.305211734661,0.00204697290681,8.49527657089e-08
"c.10C>A (p.Leu4Met), c.17C>T (p.Ala6Val)",0.0989249848357,0.311717498877,4.16333634234e-17
"c.10C>A (p.Leu4Met), c.17C>T (p.Ala6Val), c.67C>A (p.His23Asn)",-0.609205213716,2.07219769308e-13,6.75851248498e-26
"c.10C>A (p.Leu4Met), c.18T>A (p.=)",-0.386661078947,0.345622933404,1.66533453694e-16
"c.10C>A (p.Leu4Met), c.18T>C (p.=)",-0.742719217597,2.93988692984e-08,4.53597016477e-16
"c.10C>A (p.Leu4Met), c.18T>C (p.=), c.74A>C (p.Asp25Ala), c.78G>T (p.Gln26His)",1.85159820086,4.66417897808e-14,3.4057209985e-27
"c.10C>A (p.Leu4Met), c.18T>G (p.=)",-0.0823192290691,0.53480763512,0.0
"c.10C>A (p.Leu4Met), c.19G>A (p.Gly7Ile), c.20G>T (p.Gly7Ile)",-0.200999191176,1.90861206409e-24,2.13219210755e-47
"c.10C>A (p.Leu4Met), c.19G>A (p.Gly7Ser)",-0.999620114033,4.70810565691e-39,5.32715905396e-76
"c.10C>A (p.Leu4Met), c.19G>A (p.Gly7Ser), c.101G>A (p.Arg34His)",-1.11844992908,6.36669337023e-36,7.51031012029e-70
"c.10C>A (p.Leu4Met), c.19G>A (p.Gly7Ser), c.25G>C (p.Glu9Gln), c.56A>C (p.Tyr19Ser), c.61C>G (p.Leu21Val), c.68A>G (p.His23Arg)",-0.640307919726,5.5673987112e-30,3.18941743626e-58
"c.10C>A (p.Leu4Met), c.19G>A (p.Gly7Ser), c.63G>A (p.=)",-0.550782576495,5.33608833233e-19,9.13597878553e-37
"c.10C>A (p.Leu4Met), c.19G>C (p.Gly7Arg)",-0.164148168433,2.78627066236e-28,6.41834813572e-55
"c.10C>A (p.Leu4Met), c.19G>T (p.Gly7Cys)",-1.70788347077,2.74614351217e-15,1.50092802784e-29
"c.10C>A (p.Leu4Met), c.20G>A (p.Gly7Asp)",-2.23212866606,4.31794014751e-17,4.57181437945e-33
"c.10C>A (p.Leu4Met), c.20G>A (p.Gly7Asp), c.46G>A (p.Gly16Ser)",-0.664246997228,1.75574333758e-23,1.66356507105e-45
"c.10C>A (p.Leu4Met), c.20G>C (p.Gly7Ala)",-0.806239534421,1.53344803068e-17,5.97804133954e-34
"c.10C>A (p.Leu4Met), c.20G>C (p.Gly7Ala), c.28A>T (p.Met10Leu), c.33T>C (p.=), c.55T>G (p.Tyr19Asp)",0.422730864073,6.66503424212e-22,1.99422661028e-42
"c.10C>A (p.Leu4Met), c.20G>T (p.Gly7Val)",-1.79265989869,1.37626271174e-25,1.21063224975e-49
"c.10C>A (p.Leu4Met), c.20G>T (p.Gly7Val), c.37A>T (p.Thr13Ser)",-0.0728357561776,0.0143678604509,1.10399845956e-05
"c.10C>A (p.Leu4Met), c.21T>A (p.=)",-1.26704197786,1.36455299133e-52,1.53683311621e-102
"c.10C>A (p.Leu4Met), c.21T>C (p.=)",0.478748476298,0.340706093008,2.9665159218e-13
"c.10C>A (p.Leu4Met), c.21T>G (p.=)",-1.36620267372,0.587846289904,3.51643159036e-11
"c.10C>A (p.Leu4Met), c.22T>A (p.Trp8Arg), c.49C>A (p.Gln17Lys)",-0.718417891239,2.22869787996e-75,3.41408893988e-147
"c.10C>A (p.Leu4Met), c.22T>G (p.Trp8Gly)",-1.4227515582,2.27722851919e-15,9.84046425236e-30
"c.10C>A (p.Leu4Met), c.23G>C (p.Trp8Ser)",-1.68167058311,0.00525994426088,1.40246898619e-06
"c.10C>A (p.Leu4Met), c.23G>T (p.Trp8Leu)",-1.10377784093,1.57939157999e-29,2.41006369652e-57
"c.10C>A (p.Leu4Met), c.24G>A (p.Trp8Ter)",-2.55937555805,0.0811740652397,0.000731725609132
"c.10C>A (p.Leu4Met), c.24G>C (p.Trp8Cys)",-2.67437800596,1.95234688158e-32,4.95452006309e-63
"c.10C>A (p.Leu4Met), c.24G>T (p.Trp8Cys)",-2.27398423489,1.03926202589e-37,2.29754757031e-73
"c.10C>A (p.Leu4Met), c.25G>A (p.Glu9Lys)",-1.20253485931,1.65256419735e-45,1.21099391848e-88
"c.10C>A (p.Leu4Met), c.25G>C (p.Glu9Gln)",-0.31658879486,2.83536091417e-26,5.49574100815e-51
"c.10C>A (p.Leu4Met), c.25G>C (p.Glu9Gln), c.50A>G (p.Gln17Arg), c.81C>A (p.=)",0.907646883647,1.18176209264e-89,3.41648684015e-175
"c.10C>A (p.Leu4Met), c.25G>T (p.Glu9Ter)",-2.62673462019,1.10627701849e-10,1.11195324995e-20